Workbook

Sheet About
A1: Bakery Quality Control — Descriptive Statistics
A3: Scenario: you run a bakery and want CONSISTENT bread-loaf weight.
A4: You weigh 50 loaves today (grams) and summarize the data with descriptive statistics:
A6: • Mean — the typical (average) loaf weight.
A7: • Median — the middle value; robust to outliers (very light/heavy loaves).
A8: • Standard deviation — how much weights vary around the mean (consistency).
A9: • Min / Max / Range — the spread of loaf weights.
A10: • Quartiles & IQR — the spread of the MIDDLE 50% of loaves (outlier-resistant).
A12: How to read it:
A13: • A small standard deviation and a tight IQR = a stable, consistent process.
A14: • A large spread, or a big gap between mean and median, hints at outliers or process drift.
A16: This file has: 'Data' (the 50 weights), 'Statistics' (all measures via live Excel formulas),
A17: and a histogram so you can see the distribution. Change any weight and the stats recalculate.

Sheet Data
A1: Loaf # | B1: Weight (g)
A2: 1 | B2: 503
A3: 2 | B3: 513.3
A4: 3 | B4: 479.7
A5: 4 | B5: 503.7
A6: 5 | B6: 510.3
A7: 6 | B7: 502.2
A8: 7 | B8: 496.2
A9: 8 | B9: 494.4
A10: 9 | B10: 507.6
A11: 10 | B11: 492.3
A12: 11 | B12: 500.6
A13: 12 | B13: 496.9
... A51: 50 | B51: 475.8

Sheet Statistics
A1: Descriptive Statistics — Loaf Weight (g)
A3: Statistic | B3: Value | C3: What it tells you
A4: Count | B4: =COUNT(Data!B2:B51) -> 50 | C4: Number of loaves measured
A5: Mean (average) | B5: =AVERAGE(Data!B2:B51) -> 499.286 | C5: Typical loaf weight
A6: Median | B6: =MEDIAN(Data!B2:B51) -> 500 | C6: Middle value; robust to outliers
A7: Std deviation (sample) | B7: =STDEV(Data!B2:B51) -> 13.769621 | C7: Consistency — smaller = more consistent
A8: Minimum | B8: =MIN(Data!B2:B51) -> 455 | C8: Lightest loaf
A9: Maximum | B9: =MAX(Data!B2:B51) -> 548 | C9: Heaviest loaf
A10: Range | B10: =MAX(Data!B2:B51)-MIN(Data!B2:B51) -> 93 | C10: Max minus min — total spread
A11: Q1 (25th pct) | B11: =QUARTILE(Data!B2:B51,1) -> 492.375 | C11: Bottom quarter boundary
A12: Q3 (75th pct) | B12: =QUARTILE(Data!B2:B51,3) -> 506.075 | C12: Top quarter boundary
A13: IQR (Q3-Q1) | B13: =QUARTILE(Data!B2:B51,3)-QUARTILE(Data!B2:B51,1) -> 13.7 | C13: Spread of middle 50% (outlier-resistant)
A14: Coeff. of variation | B14: =STDEV(Data!B2:B51)/AVERAGE(Data!B2:B51) -> 0.027578624 | C14: Relative variability (%); lower = more consistent
A17: Outlier check (1.5 x IQR rule):
A18: Lower fence = Q1 - 1.5*IQR | B18: =B11-1.5*B13 -> 471.825
A19: Upper fence = Q3 + 1.5*IQR | B19: =B12+1.5*B13 -> 526.625
A20: Loaves below/above these fences are potential outliers.

Sheet Histogram
A1: Weight Distribution (histogram)
A3: Bin (upper g) | B3: Count
A4: 460 | B4: =COUNTIFS(Data!B2:B51,">"&-1000000000,Data!B2:B51,"<="&460) -> 1
A5: 470 | B5: =COUNTIFS(Data!B2:B51,">"&460,Data!B2:B51,"<="&470) -> 0
A6: 480 | B6: =COUNTIFS(Data!B2:B51,">"&470,Data!B2:B51,"<="&480) -> 4
A7: 490 | B7: =COUNTIFS(Data!B2:B51,">"&480,Data!B2:B51,"<="&490) -> 4
A8: 500 | B8: =COUNTIFS(Data!B2:B51,">"&490,Data!B2:B51,"<="&500) -> 16
A9: 510 | B9: =COUNTIFS(Data!B2:B51,">"&500,Data!B2:B51,"<="&510) -> 17
A10: 520 | B10: =COUNTIFS(Data!B2:B51,">"&510,Data!B2:B51,"<="&520) -> 6
A11: 530 | B11: =COUNTIFS(Data!B2:B51,">"&520,Data!B2:B51,"<="&530) -> 1
A12: 540 | B12: =COUNTIFS(Data!B2:B51,">"&530,Data!B2:B51,"<="&540) -> 0
A13: 550 | B13: =COUNTIFS(Data!B2:B51,">"&540,Data!B2:B51,"<="&550) -> 1
