Workbook

Sheet About
A1: Customer Support Response Times — Histogram & Boxplot
A3: Scenario: a tech company measures how fast support responds to tickets (hours).
A4: Two visuals reveal the shape and spread of the data:
A6: HISTOGRAM — bins the response times so you can see the DISTRIBUTION:
A7: • A tall bar near 0-2h = most tickets answered quickly.
A8: • A long tail to the right = a few slow tickets (right-skewed data).
A9: • Two humps (bimodal) would suggest two groups: simple vs complex tickets.
A11: BOXPLOT (box-and-whisker) — summarizes CENTER, SPREAD, and OUTLIERS:
A12: • The line in the box = median response time.
A13: • The box = interquartile range (middle 50% of tickets).
A14: • The whiskers = the range of typical response times.
A15: • Dots beyond the whiskers = outliers (tickets that took unusually long).
... A24: showing the 80/20 'vital few' — software bugs are rare but consume the most support time.

Sheet Data
A1: Ticket # | B1: Response Time (hrs) | C1: Ticket Type
A2: 1 | B2: 1.44 | C2: Software Bug
A3: 2 | B3: 1.5 | C3: Account Issue
A4: 3 | B4: 2.1 | C4: Software Bug
A5: 4 | B5: 3.04 | C5: Payment Problem
A6: 5 | B6: 1.92 | C6: Payment Problem
A7: 6 | B7: 1.44 | C7: Software Bug
A8: 7 | B8: 1.33 | C8: Software Bug
A9: 8 | B9: 3.6 | C9: Payment Problem
A10: 9 | B10: 6 | C10: Software Bug
A11: 10 | B11: 1.56 | C11: Software Bug
A12: 11 | B12: 1.46 | C12: Feature Request
A13: 12 | B13: 1.29 | C13: Account Issue
... A61: 60 | B61: 3.74 | C61: Account Issue

Sheet Statistics
A1: Summary Statistics — Response Time (hrs)
A3: Statistic | B3: Value
A4: Count | B4: =COUNT(Data!B2:B61) -> 60
A5: Mean | B5: =AVERAGE(Data!B2:B61) -> 2.7483333
A6: Median | B6: =MEDIAN(Data!B2:B61) -> 1.725
A7: Std deviation | B7: =STDEV(Data!B2:B61) -> 2.7882722
A8: Min | B8: =MIN(Data!B2:B61) -> 0.43
A9: Max | B9: =MAX(Data!B2:B61) -> 15.5
A10: Q1 | B10: =QUARTILE(Data!B2:B61,1) -> 1.3375
A11: Q3 | B11: =QUARTILE(Data!B2:B61,3) -> 3.1
A12: IQR | B12: =QUARTILE(Data!B2:B61,3)-QUARTILE(Data!B2:B61,1) -> 1.7625
A13: Upper outlier fence (Q3+1.5*IQR) | B13: =QUARTILE(Data!B2:B61,3)+1.5*(QUARTILE(Data!B2:B61,3)-QUARTILE(Data!B2:B61,1)) -> 5.74375
A14: # tickets above upper fence | B14: =COUNTIF(Data!B2:B61,">"&(QUARTILE(Data!B2:B61,3)+1.5*(QUARTILE(Data!B2:B61,3)-QUARTILE(Data!B2:B61,1)))) -> 7

Sheet Histogram
A1: Response Time Distribution
A3: Bin upper (hrs) | B3: Count
A4: 1 | B4: =COUNTIFS(Data!B2:B61,">"&-1000000000,Data!B2:B61,"<="&1) -> 9
A5: 2 | B5: =COUNTIFS(Data!B2:B61,">"&1,Data!B2:B61,"<="&2) -> 28
A6: 3 | B6: =COUNTIFS(Data!B2:B61,">"&2,Data!B2:B61,"<="&3) -> 7
A7: 4 | B7: =COUNTIFS(Data!B2:B61,">"&3,Data!B2:B61,"<="&4) -> 5
A8: 5 | B8: =COUNTIFS(Data!B2:B61,">"&4,Data!B2:B61,"<="&5) -> 2
A9: 6 | B9: =COUNTIFS(Data!B2:B61,">"&5,Data!B2:B61,"<="&6) -> 4
A10: 8 | B10: =COUNTIFS(Data!B2:B61,">"&6,Data!B2:B61,"<="&8) -> 2
A11: 10 | B11: =COUNTIFS(Data!B2:B61,">"&8,Data!B2:B61,"<="&10) -> 1
A12: 12 | B12: =COUNTIFS(Data!B2:B61,">"&10,Data!B2:B61,"<="&12) -> 1
A13: 16 | B13: =COUNTIFS(Data!B2:B61,">"&12,Data!B2:B61,"<="&16) -> 1

Sheet Boxplot
A1: Boxplot — Response Time (hrs)
A3: The 60 response times are copied below. To draw the box-and-whisker chart:
A4: 1) Select B6:B65 2) Insert tab > Chart > Statistical > Box and Whisker.
A5: (Excel then draws median, IQR box, whiskers, and outlier dots automatically.)
A6: Response Time (hrs) | B6: Response Time (hrs)
B7: 1.44
B8: 1.5
B9: 2.1
B10: 3.04
B11: 1.92
B12: 1.44
B13: 1.33
B14: 3.6
B15: 6
B16: 1.56
B17: 1.46
B18: 1.29
... B66: 3.74

Sheet Ticket Types
A1: Support Ticket Types — Categorical Analysis
A3: Ticket Type | B3: Count | C3: Percent
A4: Software Bug | B4: =COUNTIF(Data!C2:C61,"Software Bug") -> 18 | C4: =COUNTIF(Data!C2:C61,"Software Bug")/COUNTA(Data!C2:C61) -> 0.3
A5: Account Issue | B5: =COUNTIF(Data!C2:C61,"Account Issue") -> 12 | C5: =COUNTIF(Data!C2:C61,"Account Issue")/COUNTA(Data!C2:C61) -> 0.2
A6: Payment Problem | B6: =COUNTIF(Data!C2:C61,"Payment Problem") -> 21 | C6: =COUNTIF(Data!C2:C61,"Payment Problem")/COUNTA(Data!C2:C61) -> 0.35
A7: Feature Request | B7: =COUNTIF(Data!C2:C61,"Feature Request") -> 9 | C7: =COUNTIF(Data!C2:C61,"Feature Request")/COUNTA(Data!C2:C61) -> 0.15
A8: TOTAL | B8: =SUM(B4:B7) -> 60 | C8: =SUM(C4:C7) -> 1
A10: This is the tally table. The bar chart compares counts; the pie chart shows proportions.

Sheet Pareto
A1: Pareto Analysis — Focus on the 'Vital Few'
A2: Two Pareto charts: (1) by frequency = which issues happen most; (2) by time = which consume most support hours.
A4: Pareto by FREQUENCY (how often each issue occurs)
A6: Issue Type | B6: Count | C6: Cumulative %
A7: Password Reset | B7: 40 | C7: =SUM($B$7:B7)/SUM($B$7:$B$10) -> 0.42105263
A8: Account Issue | B8: 30 | C8: =SUM($B$7:B8)/SUM($B$7:$B$10) -> 0.73684211
A9: Software Bug | B9: 15 | C9: =SUM($B$7:B9)/SUM($B$7:$B$10) -> 0.89473684
A10: Feature Request | B10: 10 | C10: =SUM($B$7:B10)/SUM($B$7:$B$10) -> 1
A13: Pareto by TIME (total support hours per issue = count x avg resolve time)
A14: Issue Type | B14: Total Hours | C14: Cumulative %
A15: Software Bug | B15: 90 | C15: =SUM($B$15:B15)/SUM($B$15:$B$18) -> 0.65693431
A16: Account Issue | B16: 24 | C16: =SUM($B$15:B16)/SUM($B$15:$B$18) -> 0.83211679
A17: Feature Request | B17: 15 | C17: =SUM($B$15:B17)/SUM($B$15:$B$18) -> 0.94160584
A18: Password Reset | B18: 8 | C18: =SUM($B$15:B18)/SUM($B$15:$B$18) -> 1
A21: Insight:
A22: Password resets & account issues are most FREQUENT — automate these to cut volume.
A23: Software bugs are rarer but consume the MOST TIME — the 'vital few' to fix fast.
